{
  "hash": "b8a30462",
  "configHash": "3f0a6968",
  "lockfileHash": "8385bcaf",
  "browserHash": "d29f68d8",
  "optimized": {
    "@angular/common": {
      "src": "../../../../../../node_modules/@angular/common/fesm2022/common.mjs",
      "file": "@angular_common.js",
      "fileHash": "a1d84908",
      "needsInterop": false
    },
    "@angular/common/http": {
      "src": "../../../../../../node_modules/@angular/common/fesm2022/http.mjs",
      "file": "@angular_common_http.js",
      "fileHash": "9ae050bc",
      "needsInterop": false
    },
    "@angular/core": {
      "src": "../../../../../../node_modules/@angular/core/fesm2022/core.mjs",
      "file": "@angular_core.js",
      "fileHash": "f09ce8ab",
      "needsInterop": false
    },
    "@angular/platform-browser": {
      "src": "../../../../../../node_modules/@angular/platform-browser/fesm2022/platform-browser.mjs",
      "file": "@angular_platform-browser.js",
      "fileHash": "6a9cb18e",
      "needsInterop": false
    },
    "@angular/router": {
      "src": "../../../../../../node_modules/@angular/router/fesm2022/router.mjs",
      "file": "@angular_router.js",
      "fileHash": "bd11fea8",
      "needsInterop": false
    },
    "@angular/forms": {
      "src": "../../../../../../node_modules/@angular/forms/fesm2022/forms.mjs",
      "file": "@angular_forms.js",
      "fileHash": "ee925a5a",
      "needsInterop": false
    }
  },
  "chunks": {
    "chunk-GJ2LE3B3": {
      "file": "chunk-GJ2LE3B3.js"
    },
    "chunk-RR3Y4RYM": {
      "file": "chunk-RR3Y4RYM.js"
    },
    "chunk-GOBFATMH": {
      "file": "chunk-GOBFATMH.js"
    },
    "chunk-TFLZSHJW": {
      "file": "chunk-TFLZSHJW.js"
    }
  }
}